control_rate,treatment_rate,observed_lift,z_stat,p_value,ci_low,ci_high
0.13166144200626959,0.20241691842900303,0.07075547642273344,2.4138717647896013,0.007892008217121296,0.01374315648180112,0.12776779636366575
