k,inertia,silhouette
2,6871.868483136331,0.40642444563472024
3,4298.758369911878,0.4156202151317496
4,3241.951791368752,0.3795321696225914
5,2760.821376138816,0.34334264515835633
6,2397.520664803431,0.32989978013342763
7,2166.9073487906794,0.2998981032245727
