group,reactivation_rate,group_size,ci_low,ci_high,p_value
control,0.13166144200626959,319,,,0.0078920082171212
treatment,0.20241691842900303,331,0.1454045984880707,0.25942923836993526,0.0078920082171212
